,folder,model,file,path,sub_categories,modified_ner
0,typos,multi,typos_test_conll_7_results_multi.iob2,../predictions/typos/multi/typos_test_conll_7_results_multi.iob2,typos,False
1,typos,multi,typos_test_conll_1_results_multi.iob2,../predictions/typos/multi/typos_test_conll_1_results_multi.iob2,typos,False
2,typos,multi,typos_test_conll_6_results_multi.iob2,../predictions/typos/multi/typos_test_conll_6_results_multi.iob2,typos,False
3,typos,multi,typos_test_conll_8_results_multi.iob2,../predictions/typos/multi/typos_test_conll_8_results_multi.iob2,typos,False
4,typos,multi,typos_test_conll_2_results_multi.iob2,../predictions/typos/multi/typos_test_conll_2_results_multi.iob2,typos,False
5,typos,multi,typos_test_conll_9_results_multi.iob2,../predictions/typos/multi/typos_test_conll_9_results_multi.iob2,typos,False
6,typos,multi,typos_test_conll_4_results_multi.iob2,../predictions/typos/multi/typos_test_conll_4_results_multi.iob2,typos,False
7,typos,multi,typos_test_conll_5_results_multi.iob2,../predictions/typos/multi/typos_test_conll_5_results_multi.iob2,typos,False
8,typos,multi,typos_test_conll_3_results_multi.iob2,../predictions/typos/multi/typos_test_conll_3_results_multi.iob2,typos,False
9,typos,multi,typos_test_conll_0_results_multi.iob2,../predictions/typos/multi/typos_test_conll_0_results_multi.iob2,typos,False
10,typos,mono,typos_test_conll_1_results_mono.iob2,../predictions/typos/mono/typos_test_conll_1_results_mono.iob2,typos,False
11,typos,mono,typos_test_conll_8_results_mono.iob2,../predictions/typos/mono/typos_test_conll_8_results_mono.iob2,typos,False
12,typos,mono,typos_test_conll_6_results_mono.iob2,../predictions/typos/mono/typos_test_conll_6_results_mono.iob2,typos,False
13,typos,mono,typos_test_conll_5_results_mono.iob2,../predictions/typos/mono/typos_test_conll_5_results_mono.iob2,typos,False
14,typos,mono,typos_test_conll_3_results_mono.iob2,../predictions/typos/mono/typos_test_conll_3_results_mono.iob2,typos,False
15,typos,mono,typos_test_conll_0_results_mono.iob2,../predictions/typos/mono/typos_test_conll_0_results_mono.iob2,typos,False
16,typos,mono,typos_test_conll_7_results_mono.iob2,../predictions/typos/mono/typos_test_conll_7_results_mono.iob2,typos,False
17,typos,mono,typos_test_conll_2_results_mono.iob2,../predictions/typos/mono/typos_test_conll_2_results_mono.iob2,typos,False
18,typos,mono,typos_test_conll_9_results_mono.iob2,../predictions/typos/mono/typos_test_conll_9_results_mono.iob2,typos,False
19,typos,mono,typos_test_conll_4_results_mono.iob2,../predictions/typos/mono/typos_test_conll_4_results_mono.iob2,typos,False
20,person,multi,african_conll_4_results_multi.iob2,../predictions/person/multi/african_conll_4_results_multi.iob2,african,PER
21,person,multi,arabic_conll_4_results_multi.iob2,../predictions/person/multi/arabic_conll_4_results_multi.iob2,arabic,PER
22,person,multi,arabic_conll_6_results_multi.iob2,../predictions/person/multi/arabic_conll_6_results_multi.iob2,arabic,PER
23,person,multi,european_conll_9_results_multi.iob2,../predictions/person/multi/european_conll_9_results_multi.iob2,european,PER
24,person,multi,american_conll_4_results_multi.iob2,../predictions/person/multi/american_conll_4_results_multi.iob2,american,PER
25,person,multi,indian_conll_7_results_multi.iob2,../predictions/person/multi/indian_conll_7_results_multi.iob2,indian,PER
26,person,multi,american_conll_10_results_multi.iob2,../predictions/person/multi/american_conll_10_results_multi.iob2,american,PER
27,person,multi,american_conll_9_results_multi.iob2,../predictions/person/multi/american_conll_9_results_multi.iob2,american,PER
28,person,multi,european_conll_7_results_multi.iob2,../predictions/person/multi/european_conll_7_results_multi.iob2,european,PER
29,person,multi,american_conll_7_results_multi.iob2,../predictions/person/multi/american_conll_7_results_multi.iob2,american,PER
30,person,multi,indian_conll_2_results_multi.iob2,../predictions/person/multi/indian_conll_2_results_multi.iob2,indian,PER
31,person,multi,african_conll_1_results_multi.iob2,../predictions/person/multi/african_conll_1_results_multi.iob2,african,PER
32,person,multi,indian_conll_8_results_multi.iob2,../predictions/person/multi/indian_conll_8_results_multi.iob2,indian,PER
33,person,multi,european_conll_8_results_multi.iob2,../predictions/person/multi/european_conll_8_results_multi.iob2,european,PER
34,person,multi,european_conll_4_results_multi.iob2,../predictions/person/multi/european_conll_4_results_multi.iob2,european,PER
35,person,multi,american_conll_1_results_multi.iob2,../predictions/person/multi/american_conll_1_results_multi.iob2,american,PER
36,person,multi,arabic_conll_1_results_multi.iob2,../predictions/person/multi/arabic_conll_1_results_multi.iob2,arabic,PER
37,person,multi,european_conll_6_results_multi.iob2,../predictions/person/multi/european_conll_6_results_multi.iob2,european,PER
38,person,multi,indian_conll_1_results_multi.iob2,../predictions/person/multi/indian_conll_1_results_multi.iob2,indian,PER
39,person,multi,arabic_conll_7_results_multi.iob2,../predictions/person/multi/arabic_conll_7_results_multi.iob2,arabic,PER
40,person,multi,african_conll_7_results_multi.iob2,../predictions/person/multi/african_conll_7_results_multi.iob2,african,PER
41,person,multi,arabic_conll_5_results_multi.iob2,../predictions/person/multi/arabic_conll_5_results_multi.iob2,arabic,PER
42,person,multi,african_conll_2_results_multi.iob2,../predictions/person/multi/african_conll_2_results_multi.iob2,african,PER
43,person,multi,african_conll_8_results_multi.iob2,../predictions/person/multi/african_conll_8_results_multi.iob2,african,PER
44,person,multi,african_conll_10_results_multi.iob2,../predictions/person/multi/african_conll_10_results_multi.iob2,african,PER
45,person,multi,indian_conll_10_results_multi.iob2,../predictions/person/multi/indian_conll_10_results_multi.iob2,indian,PER
46,person,multi,african_conll_6_results_multi.iob2,../predictions/person/multi/african_conll_6_results_multi.iob2,african,PER
47,person,multi,arabic_conll_8_results_multi.iob2,../predictions/person/multi/arabic_conll_8_results_multi.iob2,arabic,PER
48,person,multi,american_conll_5_results_multi.iob2,../predictions/person/multi/american_conll_5_results_multi.iob2,american,PER
49,person,multi,indian_conll_3_results_multi.iob2,../predictions/person/multi/indian_conll_3_results_multi.iob2,indian,PER
50,person,multi,arabic_conll_2_results_multi.iob2,../predictions/person/multi/arabic_conll_2_results_multi.iob2,arabic,PER
51,person,multi,american_conll_6_results_multi.iob2,../predictions/person/multi/american_conll_6_results_multi.iob2,american,PER
52,person,multi,indian_conll_5_results_multi.iob2,../predictions/person/multi/indian_conll_5_results_multi.iob2,indian,PER
53,person,multi,indian_conll_6_results_multi.iob2,../predictions/person/multi/indian_conll_6_results_multi.iob2,indian,PER
54,person,multi,american_conll_3_results_multi.iob2,../predictions/person/multi/american_conll_3_results_multi.iob2,american,PER
55,person,multi,african_conll_5_results_multi.iob2,../predictions/person/multi/african_conll_5_results_multi.iob2,african,PER
56,person,multi,american_conll_2_results_multi.iob2,../predictions/person/multi/american_conll_2_results_multi.iob2,american,PER
57,person,multi,european_conll_10_results_multi.iob2,../predictions/person/multi/european_conll_10_results_multi.iob2,european,PER
58,person,multi,african_conll_3_results_multi.iob2,../predictions/person/multi/african_conll_3_results_multi.iob2,african,PER
59,person,multi,arabic_conll_3_results_multi.iob2,../predictions/person/multi/arabic_conll_3_results_multi.iob2,arabic,PER
60,person,multi,american_conll_8_results_multi.iob2,../predictions/person/multi/american_conll_8_results_multi.iob2,american,PER
61,person,multi,arabic_conll_10_results_multi.iob2,../predictions/person/multi/arabic_conll_10_results_multi.iob2,arabic,PER
62,person,multi,european_conll_1_results_multi.iob2,../predictions/person/multi/european_conll_1_results_multi.iob2,european,PER
63,person,multi,arabic_conll_9_results_multi.iob2,../predictions/person/multi/arabic_conll_9_results_multi.iob2,arabic,PER
64,person,multi,african_conll_9_results_multi.iob2,../predictions/person/multi/african_conll_9_results_multi.iob2,african,PER
65,person,multi,european_conll_2_results_multi.iob2,../predictions/person/multi/european_conll_2_results_multi.iob2,european,PER
66,person,multi,indian_conll_9_results_multi.iob2,../predictions/person/multi/indian_conll_9_results_multi.iob2,indian,PER
67,person,multi,european_conll_5_results_multi.iob2,../predictions/person/multi/european_conll_5_results_multi.iob2,european,PER
68,person,multi,indian_conll_4_results_multi.iob2,../predictions/person/multi/indian_conll_4_results_multi.iob2,indian,PER
69,person,multi,european_conll_3_results_multi.iob2,../predictions/person/multi/european_conll_3_results_multi.iob2,european,PER
70,person,mono,american_conll_2_results_mono.iob2,../predictions/person/mono/american_conll_2_results_mono.iob2,american,PER
71,person,mono,european_conll_5_results_mono.iob2,../predictions/person/mono/european_conll_5_results_mono.iob2,european,PER
72,person,mono,indian_conll_2_results_mono.iob2,../predictions/person/mono/indian_conll_2_results_mono.iob2,indian,PER
73,person,mono,african_conll_3_results_mono.iob2,../predictions/person/mono/african_conll_3_results_mono.iob2,african,PER
74,person,mono,african_conll_4_results_mono.iob2,../predictions/person/mono/african_conll_4_results_mono.iob2,african,PER
75,person,mono,european_conll_9_results_mono.iob2,../predictions/person/mono/european_conll_9_results_mono.iob2,european,PER
76,person,mono,european_conll_6_results_mono.iob2,../predictions/person/mono/european_conll_6_results_mono.iob2,european,PER
77,person,mono,african_conll_1_results_mono.iob2,../predictions/person/mono/african_conll_1_results_mono.iob2,african,PER
78,person,mono,indian_conll_4_results_mono.iob2,../predictions/person/mono/indian_conll_4_results_mono.iob2,indian,PER
79,person,mono,indian_conll_3_results_mono.iob2,../predictions/person/mono/indian_conll_3_results_mono.iob2,indian,PER
80,person,mono,african_conll_10_results_mono.iob2,../predictions/person/mono/african_conll_10_results_mono.iob2,african,PER
81,person,mono,african_conll_2_results_mono.iob2,../predictions/person/mono/african_conll_2_results_mono.iob2,african,PER
82,person,mono,arabic_conll_6_results_mono.iob2,../predictions/person/mono/arabic_conll_6_results_mono.iob2,arabic,PER
83,person,mono,american_conll_3_results_mono.iob2,../predictions/person/mono/american_conll_3_results_mono.iob2,american,PER
84,person,mono,indian_conll_5_results_mono.iob2,../predictions/person/mono/indian_conll_5_results_mono.iob2,indian,PER
85,person,mono,american_conll_9_results_mono.iob2,../predictions/person/mono/american_conll_9_results_mono.iob2,american,PER
86,person,mono,european_conll_4_results_mono.iob2,../predictions/person/mono/european_conll_4_results_mono.iob2,european,PER
87,person,mono,indian_conll_9_results_mono.iob2,../predictions/person/mono/indian_conll_9_results_mono.iob2,indian,PER
88,person,mono,american_conll_4_results_mono.iob2,../predictions/person/mono/american_conll_4_results_mono.iob2,american,PER
89,person,mono,african_conll_5_results_mono.iob2,../predictions/person/mono/african_conll_5_results_mono.iob2,african,PER
90,person,mono,european_conll_2_results_mono.iob2,../predictions/person/mono/european_conll_2_results_mono.iob2,european,PER
91,person,mono,arabic_conll_2_results_mono.iob2,../predictions/person/mono/arabic_conll_2_results_mono.iob2,arabic,PER
92,person,mono,arabic_conll_9_results_mono.iob2,../predictions/person/mono/arabic_conll_9_results_mono.iob2,arabic,PER
93,person,mono,indian_conll_10_results_mono.iob2,../predictions/person/mono/indian_conll_10_results_mono.iob2,indian,PER
94,person,mono,african_conll_9_results_mono.iob2,../predictions/person/mono/african_conll_9_results_mono.iob2,african,PER
95,person,mono,arabic_conll_5_results_mono.iob2,../predictions/person/mono/arabic_conll_5_results_mono.iob2,arabic,PER
96,person,mono,indian_conll_8_results_mono.iob2,../predictions/person/mono/indian_conll_8_results_mono.iob2,indian,PER
97,person,mono,indian_conll_7_results_mono.iob2,../predictions/person/mono/indian_conll_7_results_mono.iob2,indian,PER
98,person,mono,american_conll_1_results_mono.iob2,../predictions/person/mono/american_conll_1_results_mono.iob2,american,PER
99,person,mono,american_conll_6_results_mono.iob2,../predictions/person/mono/american_conll_6_results_mono.iob2,american,PER
100,person,mono,indian_conll_1_results_mono.iob2,../predictions/person/mono/indian_conll_1_results_mono.iob2,indian,PER
101,person,mono,african_conll_7_results_mono.iob2,../predictions/person/mono/african_conll_7_results_mono.iob2,african,PER
102,person,mono,arabic_conll_8_results_mono.iob2,../predictions/person/mono/arabic_conll_8_results_mono.iob2,arabic,PER
103,person,mono,arabic_conll_7_results_mono.iob2,../predictions/person/mono/arabic_conll_7_results_mono.iob2,arabic,PER
104,person,mono,american_conll_10_results_mono.iob2,../predictions/person/mono/american_conll_10_results_mono.iob2,american,PER
105,person,mono,european_conll_3_results_mono.iob2,../predictions/person/mono/european_conll_3_results_mono.iob2,european,PER
106,person,mono,american_conll_5_results_mono.iob2,../predictions/person/mono/american_conll_5_results_mono.iob2,american,PER
107,person,mono,european_conll_10_results_mono.iob2,../predictions/person/mono/european_conll_10_results_mono.iob2,european,PER
108,person,mono,american_conll_7_results_mono.iob2,../predictions/person/mono/american_conll_7_results_mono.iob2,american,PER
109,person,mono,european_conll_1_results_mono.iob2,../predictions/person/mono/european_conll_1_results_mono.iob2,european,PER
110,person,mono,european_conll_7_results_mono.iob2,../predictions/person/mono/european_conll_7_results_mono.iob2,european,PER
111,person,mono,european_conll_8_results_mono.iob2,../predictions/person/mono/european_conll_8_results_mono.iob2,european,PER
112,person,mono,arabic_conll_10_results_mono.iob2,../predictions/person/mono/arabic_conll_10_results_mono.iob2,arabic,PER
113,person,mono,african_conll_6_results_mono.iob2,../predictions/person/mono/african_conll_6_results_mono.iob2,african,PER
114,person,mono,indian_conll_6_results_mono.iob2,../predictions/person/mono/indian_conll_6_results_mono.iob2,indian,PER
115,person,mono,african_conll_8_results_mono.iob2,../predictions/person/mono/african_conll_8_results_mono.iob2,african,PER
116,person,mono,american_conll_8_results_mono.iob2,../predictions/person/mono/american_conll_8_results_mono.iob2,american,PER
117,person,mono,arabic_conll_4_results_mono.iob2,../predictions/person/mono/arabic_conll_4_results_mono.iob2,arabic,PER
118,person,mono,arabic_conll_3_results_mono.iob2,../predictions/person/mono/arabic_conll_3_results_mono.iob2,arabic,PER
119,person,mono,arabic_conll_1_results_mono.iob2,../predictions/person/mono/arabic_conll_1_results_mono.iob2,arabic,PER
120,typos_loc,multi,typos_entity_loc_conll_7_results_multi.iob2,../predictions/typos_loc/multi/typos_entity_loc_conll_7_results_multi.iob2,typos,LOC
121,typos_loc,multi,typos_entity_loc_conll_5_results_multi.iob2,../predictions/typos_loc/multi/typos_entity_loc_conll_5_results_multi.iob2,typos,LOC
122,typos_loc,multi,typos_entity_loc_conll_6_results_multi.iob2,../predictions/typos_loc/multi/typos_entity_loc_conll_6_results_multi.iob2,typos,LOC
123,typos_loc,multi,typos_entity_loc_conll_8_results_multi.iob2,../predictions/typos_loc/multi/typos_entity_loc_conll_8_results_multi.iob2,typos,LOC
124,typos_loc,multi,typos_entity_loc_conll_10_results_multi.iob2,../predictions/typos_loc/multi/typos_entity_loc_conll_10_results_multi.iob2,typos,LOC
125,typos_loc,multi,typos_entity_loc_conll_9_results_multi.iob2,../predictions/typos_loc/multi/typos_entity_loc_conll_9_results_multi.iob2,typos,LOC
126,typos_loc,multi,typos_entity_loc_conll_3_results_multi.iob2,../predictions/typos_loc/multi/typos_entity_loc_conll_3_results_multi.iob2,typos,LOC
127,typos_loc,multi,typos_entity_loc_conll_4_results_multi.iob2,../predictions/typos_loc/multi/typos_entity_loc_conll_4_results_multi.iob2,typos,LOC
128,typos_loc,multi,typos_entity_loc_conll_2_results_multi.iob2,../predictions/typos_loc/multi/typos_entity_loc_conll_2_results_multi.iob2,typos,LOC
129,typos_loc,multi,typos_entity_loc_conll_1_results_multi.iob2,../predictions/typos_loc/multi/typos_entity_loc_conll_1_results_multi.iob2,typos,LOC
130,typos_loc,mono,typos_entity_loc_conll_7_results_mono.iob2,../predictions/typos_loc/mono/typos_entity_loc_conll_7_results_mono.iob2,typos,LOC
131,typos_loc,mono,typos_entity_loc_conll_6_results_mono.iob2,../predictions/typos_loc/mono/typos_entity_loc_conll_6_results_mono.iob2,typos,LOC
132,typos_loc,mono,typos_entity_loc_conll_4_results_mono.iob2,../predictions/typos_loc/mono/typos_entity_loc_conll_4_results_mono.iob2,typos,LOC
133,typos_loc,mono,typos_entity_loc_conll_2_results_mono.iob2,../predictions/typos_loc/mono/typos_entity_loc_conll_2_results_mono.iob2,typos,LOC
134,typos_loc,mono,typos_entity_loc_conll_3_results_mono.iob2,../predictions/typos_loc/mono/typos_entity_loc_conll_3_results_mono.iob2,typos,LOC
135,typos_loc,mono,typos_entity_loc_conll_1_results_mono.iob2,../predictions/typos_loc/mono/typos_entity_loc_conll_1_results_mono.iob2,typos,LOC
136,typos_loc,mono,typos_entity_loc_conll_10_results_mono.iob2,../predictions/typos_loc/mono/typos_entity_loc_conll_10_results_mono.iob2,typos,LOC
137,typos_loc,mono,typos_entity_loc_conll_9_results_mono.iob2,../predictions/typos_loc/mono/typos_entity_loc_conll_9_results_mono.iob2,typos,LOC
138,typos_loc,mono,typos_entity_loc_conll_5_results_mono.iob2,../predictions/typos_loc/mono/typos_entity_loc_conll_5_results_mono.iob2,typos,LOC
139,typos_loc,mono,typos_entity_loc_conll_8_results_mono.iob2,../predictions/typos_loc/mono/typos_entity_loc_conll_8_results_mono.iob2,typos,LOC
140,random_person,multi,random_person_conll_8_results_multi.iob2,../predictions/random_person/multi/random_person_conll_8_results_multi.iob2,random,
141,random_person,multi,random_person_conll_1_results_multi.iob2,../predictions/random_person/multi/random_person_conll_1_results_multi.iob2,random,
142,random_person,multi,random_person_conll_10_results_multi.iob2,../predictions/random_person/multi/random_person_conll_10_results_multi.iob2,random,
143,random_person,multi,random_person_conll_5_results_multi.iob2,../predictions/random_person/multi/random_person_conll_5_results_multi.iob2,random,
144,random_person,multi,random_person_conll_2_results_multi.iob2,../predictions/random_person/multi/random_person_conll_2_results_multi.iob2,random,
145,random_person,multi,random_person_conll_4_results_multi.iob2,../predictions/random_person/multi/random_person_conll_4_results_multi.iob2,random,
146,random_person,multi,random_person_conll_6_results_multi.iob2,../predictions/random_person/multi/random_person_conll_6_results_multi.iob2,random,
147,random_person,multi,random_person_conll_9_results_multi.iob2,../predictions/random_person/multi/random_person_conll_9_results_multi.iob2,random,
148,random_person,multi,random_person_conll_3_results_multi.iob2,../predictions/random_person/multi/random_person_conll_3_results_multi.iob2,random,
149,random_person,multi,random_person_conll_7_results_multi.iob2,../predictions/random_person/multi/random_person_conll_7_results_multi.iob2,random,
150,random_person,mono,random_person_conll_10_results_mono.iob2,../predictions/random_person/mono/random_person_conll_10_results_mono.iob2,random,
151,random_person,mono,random_person_conll_2_results_mono.iob2,../predictions/random_person/mono/random_person_conll_2_results_mono.iob2,random,
152,random_person,mono,random_person_conll_4_results_mono.iob2,../predictions/random_person/mono/random_person_conll_4_results_mono.iob2,random,
153,random_person,mono,random_person_conll_8_results_mono.iob2,../predictions/random_person/mono/random_person_conll_8_results_mono.iob2,random,
154,random_person,mono,random_person_conll_1_results_mono.iob2,../predictions/random_person/mono/random_person_conll_1_results_mono.iob2,random,
155,random_person,mono,random_person_conll_3_results_mono.iob2,../predictions/random_person/mono/random_person_conll_3_results_mono.iob2,random,
156,random_person,mono,random_person_conll_5_results_mono.iob2,../predictions/random_person/mono/random_person_conll_5_results_mono.iob2,random,
157,random_person,mono,random_person_conll_9_results_mono.iob2,../predictions/random_person/mono/random_person_conll_9_results_mono.iob2,random,
158,random_person,mono,random_person_conll_6_results_mono.iob2,../predictions/random_person/mono/random_person_conll_6_results_mono.iob2,random,
159,random_person,mono,random_person_conll_7_results_mono.iob2,../predictions/random_person/mono/random_person_conll_7_results_mono.iob2,random,
160,pronouns,multi,feminine_pronouns_test_results_multi.iob2,../predictions/pronouns/multi/feminine_pronouns_test_results_multi.iob2,feminine,False
161,pronouns,multi,neutral_pronouns_test_results_multi.iob2,../predictions/pronouns/multi/neutral_pronouns_test_results_multi.iob2,neutral,False
162,pronouns,multi,masculine_pronouns_test_results_multi.iob2,../predictions/pronouns/multi/masculine_pronouns_test_results_multi.iob2,masculine,False
163,pronouns,mono,neutral_pronouns_test_results_mono.iob2,../predictions/pronouns/mono/neutral_pronouns_test_results_mono.iob2,neutral,False
164,pronouns,mono,feminine_pronouns_test_results_mono.iob2,../predictions/pronouns/mono/feminine_pronouns_test_results_mono.iob2,feminine,False
165,pronouns,mono,masculine_pronouns_test_results_mono.iob2,../predictions/pronouns/mono/masculine_pronouns_test_results_mono.iob2,masculine,False
166,original_test,multi,test_conll_results_multi.iob2,../predictions/original_test/multi/test_conll_results_multi.iob2,test,False
167,original_test,mono,test_conll_results_mono.iob2,../predictions/original_test/mono/test_conll_results_mono.iob2,test,False
168,typos_entity,multi,typos_entity_test_conll_9_results_multi.iob2,../predictions/typos_entity/multi/typos_entity_test_conll_9_results_multi.iob2,typos,PER
169,typos_entity,multi,typos_entity_test_conll_7_results_multi.iob2,../predictions/typos_entity/multi/typos_entity_test_conll_7_results_multi.iob2,typos,PER
170,typos_entity,multi,typos_entity_test_conll_8_results_multi.iob2,../predictions/typos_entity/multi/typos_entity_test_conll_8_results_multi.iob2,typos,PER
171,typos_entity,multi,typos_entity_test_conll_6_results_multi.iob2,../predictions/typos_entity/multi/typos_entity_test_conll_6_results_multi.iob2,typos,PER
172,typos_entity,multi,typos_entity_test_conll_5_results_multi.iob2,../predictions/typos_entity/multi/typos_entity_test_conll_5_results_multi.iob2,typos,PER
173,typos_entity,multi,typos_entity_test_conll_4_results_multi.iob2,../predictions/typos_entity/multi/typos_entity_test_conll_4_results_multi.iob2,typos,PER
174,typos_entity,multi,typos_entity_test_conll_2_results_multi.iob2,../predictions/typos_entity/multi/typos_entity_test_conll_2_results_multi.iob2,typos,PER
175,typos_entity,multi,typos_entity_test_conll_1_results_multi.iob2,../predictions/typos_entity/multi/typos_entity_test_conll_1_results_multi.iob2,typos,PER
176,typos_entity,multi,typos_entity_test_conll_3_results_multi.iob2,../predictions/typos_entity/multi/typos_entity_test_conll_3_results_multi.iob2,typos,PER
177,typos_entity,multi,typos_entity_test_conll_10_results_multi.iob2,../predictions/typos_entity/multi/typos_entity_test_conll_10_results_multi.iob2,typos,PER
178,typos_entity,mono,typos_entity_test_conll_5_results_mono.iob2,../predictions/typos_entity/mono/typos_entity_test_conll_5_results_mono.iob2,typos,PER
179,typos_entity,mono,typos_entity_test_conll_10_results_mono.iob2,../predictions/typos_entity/mono/typos_entity_test_conll_10_results_mono.iob2,typos,PER
180,typos_entity,mono,typos_entity_test_conll_9_results_mono.iob2,../predictions/typos_entity/mono/typos_entity_test_conll_9_results_mono.iob2,typos,PER
181,typos_entity,mono,typos_entity_test_conll_4_results_mono.iob2,../predictions/typos_entity/mono/typos_entity_test_conll_4_results_mono.iob2,typos,PER
182,typos_entity,mono,typos_entity_test_conll_3_results_mono.iob2,../predictions/typos_entity/mono/typos_entity_test_conll_3_results_mono.iob2,typos,PER
183,typos_entity,mono,typos_entity_test_conll_7_results_mono.iob2,../predictions/typos_entity/mono/typos_entity_test_conll_7_results_mono.iob2,typos,PER
184,typos_entity,mono,typos_entity_test_conll_1_results_mono.iob2,../predictions/typos_entity/mono/typos_entity_test_conll_1_results_mono.iob2,typos,PER
185,typos_entity,mono,typos_entity_test_conll_6_results_mono.iob2,../predictions/typos_entity/mono/typos_entity_test_conll_6_results_mono.iob2,typos,PER
186,typos_entity,mono,typos_entity_test_conll_8_results_mono.iob2,../predictions/typos_entity/mono/typos_entity_test_conll_8_results_mono.iob2,typos,PER
187,typos_entity,mono,typos_entity_test_conll_2_results_mono.iob2,../predictions/typos_entity/mono/typos_entity_test_conll_2_results_mono.iob2,typos,PER
188,random,multi,random_conll_6_results_multi.iob2,../predictions/random/multi/random_conll_6_results_multi.iob2,random,False
189,random,multi,random_conll_1_results_multi.iob2,../predictions/random/multi/random_conll_1_results_multi.iob2,random,False
190,random,multi,random_conll_4_results_multi.iob2,../predictions/random/multi/random_conll_4_results_multi.iob2,random,False
191,random,multi,random_conll_3_results_multi.iob2,../predictions/random/multi/random_conll_3_results_multi.iob2,random,False
192,random,multi,random_conll_2_results_multi.iob2,../predictions/random/multi/random_conll_2_results_multi.iob2,random,False
193,random,multi,random_conll_5_results_multi.iob2,../predictions/random/multi/random_conll_5_results_multi.iob2,random,False
194,random,multi,random_conll_9_results_multi.iob2,../predictions/random/multi/random_conll_9_results_multi.iob2,random,False
195,random,multi,random_conll_10_results_multi.iob2,../predictions/random/multi/random_conll_10_results_multi.iob2,random,False
196,random,multi,random_conll_8_results_multi.iob2,../predictions/random/multi/random_conll_8_results_multi.iob2,random,False
197,random,multi,random_conll_7_results_multi.iob2,../predictions/random/multi/random_conll_7_results_multi.iob2,random,False
198,random,mono,random_conll_1_results_mono.iob2,../predictions/random/mono/random_conll_1_results_mono.iob2,random,False
199,random,mono,random_conll_3_results_mono.iob2,../predictions/random/mono/random_conll_3_results_mono.iob2,random,False
200,random,mono,random_conll_8_results_mono.iob2,../predictions/random/mono/random_conll_8_results_mono.iob2,random,False
201,random,mono,random_conll_4_results_mono.iob2,../predictions/random/mono/random_conll_4_results_mono.iob2,random,False
202,random,mono,random_conll_9_results_mono.iob2,../predictions/random/mono/random_conll_9_results_mono.iob2,random,False
203,random,mono,random_conll_10_results_mono.iob2,../predictions/random/mono/random_conll_10_results_mono.iob2,random,False
204,random,mono,random_conll_2_results_mono.iob2,../predictions/random/mono/random_conll_2_results_mono.iob2,random,False
205,random,mono,random_conll_5_results_mono.iob2,../predictions/random/mono/random_conll_5_results_mono.iob2,random,False
206,random,mono,random_conll_7_results_mono.iob2,../predictions/random/mono/random_conll_7_results_mono.iob2,random,False
207,random,mono,random_conll_6_results_mono.iob2,../predictions/random/mono/random_conll_6_results_mono.iob2,random,False
208,gender_names,multi,male_names_test_2_results_multi.iob2,../predictions/gender_names/multi/male_names_test_2_results_multi.iob2,male,PER
209,gender_names,multi,male_names_test_8_results_multi.iob2,../predictions/gender_names/multi/male_names_test_8_results_multi.iob2,male,PER
210,gender_names,multi,male_names_test_1_results_multi.iob2,../predictions/gender_names/multi/male_names_test_1_results_multi.iob2,male,PER
211,gender_names,multi,female_names_test_9_results_multi.iob2,../predictions/gender_names/multi/female_names_test_9_results_multi.iob2,female,PER
212,gender_names,multi,female_names_test_8_results_multi.iob2,../predictions/gender_names/multi/female_names_test_8_results_multi.iob2,female,PER
213,gender_names,multi,male_names_test_9_results_multi.iob2,../predictions/gender_names/multi/male_names_test_9_results_multi.iob2,male,PER
214,gender_names,multi,female_names_test_6_results_multi.iob2,../predictions/gender_names/multi/female_names_test_6_results_multi.iob2,female,PER
215,gender_names,multi,female_names_test_2_results_multi.iob2,../predictions/gender_names/multi/female_names_test_2_results_multi.iob2,female,PER
216,gender_names,multi,female_names_test_4_results_multi.iob2,../predictions/gender_names/multi/female_names_test_4_results_multi.iob2,female,PER
217,gender_names,multi,female_names_test_1_results_multi.iob2,../predictions/gender_names/multi/female_names_test_1_results_multi.iob2,female,PER
218,gender_names,multi,male_names_test_4_results_multi.iob2,../predictions/gender_names/multi/male_names_test_4_results_multi.iob2,male,PER
219,gender_names,multi,female_names_test_3_results_multi.iob2,../predictions/gender_names/multi/female_names_test_3_results_multi.iob2,female,PER
220,gender_names,multi,male_names_test_0_results_multi.iob2,../predictions/gender_names/multi/male_names_test_0_results_multi.iob2,male,PER
221,gender_names,multi,male_names_test_5_results_multi.iob2,../predictions/gender_names/multi/male_names_test_5_results_multi.iob2,male,PER
222,gender_names,multi,female_names_test_0_results_multi.iob2,../predictions/gender_names/multi/female_names_test_0_results_multi.iob2,female,PER
223,gender_names,multi,male_names_test_6_results_multi.iob2,../predictions/gender_names/multi/male_names_test_6_results_multi.iob2,male,PER
224,gender_names,multi,male_names_test_3_results_multi.iob2,../predictions/gender_names/multi/male_names_test_3_results_multi.iob2,male,PER
225,gender_names,multi,female_names_test_5_results_multi.iob2,../predictions/gender_names/multi/female_names_test_5_results_multi.iob2,female,PER
226,gender_names,multi,male_names_test_7_results_multi.iob2,../predictions/gender_names/multi/male_names_test_7_results_multi.iob2,male,PER
227,gender_names,multi,female_names_test_7_results_multi.iob2,../predictions/gender_names/multi/female_names_test_7_results_multi.iob2,female,PER
228,gender_names,mono,male_names_test_1_results_mono.iob2,../predictions/gender_names/mono/male_names_test_1_results_mono.iob2,male,PER
229,gender_names,mono,male_names_test_7_results_mono.iob2,../predictions/gender_names/mono/male_names_test_7_results_mono.iob2,male,PER
230,gender_names,mono,male_names_test_9_results_mono.iob2,../predictions/gender_names/mono/male_names_test_9_results_mono.iob2,male,PER
231,gender_names,mono,female_names_test_1_results_mono.iob2,../predictions/gender_names/mono/female_names_test_1_results_mono.iob2,female,PER
232,gender_names,mono,male_names_test_8_results_mono.iob2,../predictions/gender_names/mono/male_names_test_8_results_mono.iob2,male,PER
233,gender_names,mono,male_names_test_5_results_mono.iob2,../predictions/gender_names/mono/male_names_test_5_results_mono.iob2,male,PER
234,gender_names,mono,female_names_test_8_results_mono.iob2,../predictions/gender_names/mono/female_names_test_8_results_mono.iob2,female,PER
235,gender_names,mono,female_names_test_6_results_mono.iob2,../predictions/gender_names/mono/female_names_test_6_results_mono.iob2,female,PER
236,gender_names,mono,male_names_test_3_results_mono.iob2,../predictions/gender_names/mono/male_names_test_3_results_mono.iob2,male,PER
237,gender_names,mono,female_names_test_9_results_mono.iob2,../predictions/gender_names/mono/female_names_test_9_results_mono.iob2,female,PER
238,gender_names,mono,female_names_test_7_results_mono.iob2,../predictions/gender_names/mono/female_names_test_7_results_mono.iob2,female,PER
239,gender_names,mono,female_names_test_0_results_mono.iob2,../predictions/gender_names/mono/female_names_test_0_results_mono.iob2,female,PER
240,gender_names,mono,male_names_test_0_results_mono.iob2,../predictions/gender_names/mono/male_names_test_0_results_mono.iob2,male,PER
241,gender_names,mono,female_names_test_5_results_mono.iob2,../predictions/gender_names/mono/female_names_test_5_results_mono.iob2,female,PER
242,gender_names,mono,female_names_test_2_results_mono.iob2,../predictions/gender_names/mono/female_names_test_2_results_mono.iob2,female,PER
243,gender_names,mono,female_names_test_3_results_mono.iob2,../predictions/gender_names/mono/female_names_test_3_results_mono.iob2,female,PER
244,gender_names,mono,male_names_test_6_results_mono.iob2,../predictions/gender_names/mono/male_names_test_6_results_mono.iob2,male,PER
245,gender_names,mono,female_names_test_4_results_mono.iob2,../predictions/gender_names/mono/female_names_test_4_results_mono.iob2,female,PER
246,gender_names,mono,male_names_test_2_results_mono.iob2,../predictions/gender_names/mono/male_names_test_2_results_mono.iob2,male,PER
247,gender_names,mono,male_names_test_4_results_mono.iob2,../predictions/gender_names/mono/male_names_test_4_results_mono.iob2,male,PER
248,location_exonym_endonym,multi,location_endonym_results_multi.iob2,../predictions/location_exonym_endonym/multi/location_endonym_results_multi.iob2,location,LOC
249,location_exonym_endonym,multi,location_latin_results_multi.iob2,../predictions/location_exonym_endonym/multi/location_latin_results_multi.iob2,location,LOC
250,location_exonym_endonym,mono,location_endonym_results_mono.iob2,../predictions/location_exonym_endonym/mono/location_endonym_results_mono.iob2,location,LOC
251,location_exonym_endonym,mono,location_latin_results_mono.iob2,../predictions/location_exonym_endonym/mono/location_latin_results_mono.iob2,location,LOC
252,random_location,multi,random_location_conll_9_results_multi.iob2,../predictions/random_location/multi/random_location_conll_9_results_multi.iob2,random,
253,random_location,multi,random_location_conll_2_results_multi.iob2,../predictions/random_location/multi/random_location_conll_2_results_multi.iob2,random,
254,random_location,multi,random_location_conll_6_results_multi.iob2,../predictions/random_location/multi/random_location_conll_6_results_multi.iob2,random,
255,random_location,multi,random_location_conll_3_results_multi.iob2,../predictions/random_location/multi/random_location_conll_3_results_multi.iob2,random,
256,random_location,multi,random_location_conll_1_results_multi.iob2,../predictions/random_location/multi/random_location_conll_1_results_multi.iob2,random,
257,random_location,multi,random_location_conll_8_results_multi.iob2,../predictions/random_location/multi/random_location_conll_8_results_multi.iob2,random,
258,random_location,multi,random_location_conll_4_results_multi.iob2,../predictions/random_location/multi/random_location_conll_4_results_multi.iob2,random,
259,random_location,multi,random_location_conll_5_results_multi.iob2,../predictions/random_location/multi/random_location_conll_5_results_multi.iob2,random,
260,random_location,multi,random_location_conll_10_results_multi.iob2,../predictions/random_location/multi/random_location_conll_10_results_multi.iob2,random,
261,random_location,multi,random_location_conll_7_results_multi.iob2,../predictions/random_location/multi/random_location_conll_7_results_multi.iob2,random,
262,random_location,mono,random_location_conll_5_results_mono.iob2,../predictions/random_location/mono/random_location_conll_5_results_mono.iob2,random,
263,random_location,mono,random_location_conll_10_results_mono.iob2,../predictions/random_location/mono/random_location_conll_10_results_mono.iob2,random,
264,random_location,mono,random_location_conll_3_results_mono.iob2,../predictions/random_location/mono/random_location_conll_3_results_mono.iob2,random,
265,random_location,mono,random_location_conll_2_results_mono.iob2,../predictions/random_location/mono/random_location_conll_2_results_mono.iob2,random,
266,random_location,mono,random_location_conll_9_results_mono.iob2,../predictions/random_location/mono/random_location_conll_9_results_mono.iob2,random,
267,random_location,mono,random_location_conll_4_results_mono.iob2,../predictions/random_location/mono/random_location_conll_4_results_mono.iob2,random,
268,random_location,mono,random_location_conll_8_results_mono.iob2,../predictions/random_location/mono/random_location_conll_8_results_mono.iob2,random,
269,random_location,mono,random_location_conll_7_results_mono.iob2,../predictions/random_location/mono/random_location_conll_7_results_mono.iob2,random,
270,random_location,mono,random_location_conll_1_results_mono.iob2,../predictions/random_location/mono/random_location_conll_1_results_mono.iob2,random,
271,random_location,mono,random_location_conll_6_results_mono.iob2,../predictions/random_location/mono/random_location_conll_6_results_mono.iob2,random,
